ID,刹车等级,偏航等级,故障代码,中文描述,英文描述
1,210,100,01_01_001,变桨急停引起机组安全链断开,SC_SafetyChainEmergencySTOP_Hub
7,_51,__0,01_03_001,轮毂温度超出最大限制,SC_TempHubOutOfSpecMAX
8,_51,__0,01_03_002,轮毂温度低于最小限制,SC_TempHubOutOfSpecMIN
9,__0,__0,01_03_003,轮毂温度高,SC_TempHub_high
10,__0,__0,01_03_004,轮毂温度低,SC_TempHub_low
11,_50,__0,01_03_005,轮毂温度较高,SC_TempHub_MAX
12,_50,__0,01_03_006,轮毂温度较低,SC_TempHub_MIN
13,_51,__0,01_03_007,轮毂温度重复性故障,SC_RepFaultTempHub
14,198,__0,01_03_008,桨叶1轴控箱温度太高,SC_Blade1TemKTYAxisboxtoohigh
15,198,__0,01_03_009,桨叶1轮毂温度太高,SC_Blade1TemKTYHubCenterboxtoohigh
16,198,__0,01_03_010,桨叶1轴控箱温度太低,SC_Blade1TemKTYAxisboxtoolow
17,198,__0,01_03_011,桨叶1轮毂温度太低,SC_Blade1TemKTYHubCenterboxtoolow
18,198,__0,01_03_012,桨叶1轴控箱散热器温度太高,SC_Blade1Unittemperatureheatsinktoohigh
19,198,__0,01_03_013,桨叶1轴控箱散热器温度太低,SC_Blade1Unittemperatureheatsinktoolow
20,199,__0,01_03_014,桨叶1电机温度太高,SC_Blade1Motortemperaturetoohigh
21,198,__0,01_03_015,桨叶1电池温度太高,SC_Blade1Batterytemperaturetoohigh
22,198,__0,01_03_016,桨叶1电池温度太低,SC_Blade1Batterytemperaturetoolow
25,198,__0,01_03_019,桨叶2控箱温度太高,SC_Blade2TemKTYAxisboxtoohigh
26,198,__0,01_03_020,桨叶2轮毂温度太高,SC_Blade2TemKTYHubCenterboxtoohigh
27,198,__0,01_03_021,桨叶2控箱温度太低,SC_Blade2TemKTYAxisboxtoolow
28,198,__0,01_03_022,桨叶2轮毂温度太低,SC_Blade2TemKTYHubCenterboxtoolow
29,198,__0,01_03_023,桨叶2控箱散热器温度太高,SC_Blade2Unittemperatureheatsinktoohigh
30,198,__0,01_03_024,桨叶2控箱散热器温度太低,SC_Blade2Unittemperatureheatsinktoolow
31,199,__0,01_03_025,桨叶2电机温度太高,SC_Blade2Motortemperaturetoohigh
32,198,__0,01_03_026,桨叶2电池温度太高,SC_Blade2Batterytemperaturetoohigh
33,198,__0,01_03_027,桨叶2电池温度太低,SC_Blade2Batterytemperaturetoolow
36,198,__0,01_03_030,桨叶3控箱温度太高,SC_Blade3TemKTYAxisboxtoohigh
37,198,__0,01_03_031,桨叶3轮毂温度太高,SC_Blade3TemKTYHubCenterboxtoohigh
38,198,__0,01_03_032,桨叶3控箱温度太低,SC_Blade3TemKTYAxisboxtoolow
39,198,__0,01_03_033,桨叶3轮毂温度太低,SC_Blade3TemKTYHubCenterboxtoolow
40,198,__0,01_03_034,桨叶3控箱散热器温度太高,SC_Blade3Unittemperatureheatsinktoohigh
41,198,__0,01_03_035,桨叶3控箱散热器温度太低,SC_Blade3Unittemperatureheatsinktoolow
42,199,__0,01_03_036,桨叶3电机温度太高,SC_Blade3Motortemperaturetoohigh
43,198,__0,01_03_037,桨叶3电池温度太高,SC_Blade3Batterytemperaturetoohigh
44,198,__0,01_03_038,桨叶3电池温度太低,SC_Blade3Batterytemperaturetoolow
52,199,__0,01_05_001,桨叶1的一个编码器故障,SC_Blade1_OnePitchSensorDefect
53,_50,__0,01_05_002,桨叶1的两个编码器故障,SC_Blade1_BothPitchSensorsDefect
54,_51,__0,01_05_003,桨叶同步误差等级1故障,SC_Pitch_SyncError_Limit1
55,_51,__0,01_05_004,桨叶同步误差1秒等级2故障,SC_Pitch_SyncError_Limit2_1s
56,100,__0,01_05_005,桨叶同步误差5秒等级1故障重复出现,SC_RepFaultPitch_SyncError_Limit1_5s
57,_51,__0,01_05_006,桨叶同步误差1秒等级2故障重复出现,SC_RepFaultPitch_SyncError_Limit2_1s
58,100,__0,01_05_007,OAT变桨系统看门狗断开报警,SC_WatchDogOpen_Hub_Warning
60,100,__0,01_05_009,桨叶1的95度限位开关触发,SC_Blade1_EndPos95Deg
61,_51,__0,01_05_010,桨叶1电池电压故障,SC_Blade1_BatterieVoltageNotOK
62,_51,__0,01_05_011,桨叶1的91度限位开关触发,SC_Blade1_EndPos91Deg
63,_51,__0,01_05_013,桨叶1变桨电机风扇保护动作,SC_Blade1_MotorProtectionFan
64,199,__0,01_05_015,桨叶1变频器未准备就绪,SC_Blade1_BTBConverterNotReady
65,199,__0,01_05_016,桨叶1同步误差故障,SC_Blade1_FollowingError
68,__0,__0,01_05_021,桨叶2的一个编码器故障,SC_Blade2_OnePitchSensorDefect
69,__0,__0,01_05_029,桨叶2的95度限位开关触发,SC_Blade2_EndPos95Deg
70,__0,__0,01_05_030,桨叶2电池电压故障,SC_Blade2_BatterieVoltageNotOK
71,_51,__0,01_05_031,桨叶2的91度限位开关触发,SC_Blade2_EndPos91Deg
72,_51,__0,01_05_033,桨叶2变桨电机风扇保护动作,SC_Blade2_MotorProtectionFan
73,199,__0,01_05_035,桨叶2变频器未准备就绪,SC_Blade2_BTBConverterNotReady
74,199,__0,01_05_036,桨叶2跟随错误,SC_Blade2_FollowingError
77,__0,__0,01_05_041,桨叶3的一个编码器故障,SC_Blade3_OnePitchSensorDefect
78,_51,__0,01_05_049,桨叶3的95度限位开关触发,SC_Blade3_EndPos95Deg
79,_51,__0,01_05_050,桨叶3电池电压故障,SC_Blade3_BatterieVoltageNotOK
80,_51,__0,01_05_051,桨叶3的91度限位开关触发,SC_Blade3_EndPos91Deg
81,_51,__0,01_05_053,桨叶3变桨电机风扇保护动作,SC_Blade3_MotorProtectionFan
82,199,__0,01_05_055,桨叶3变频器未准备就绪,SC_Blade3_BTBConverterNotReady
83,199,__0,01_05_056,桨叶3跟随错误,SC_Blade3_FollowingError
85,_51,__0,01_05_058,变桨系统电池充电状态不正常,SC_NoSignalPitchChargerStatesOK
86,_51,__0,01_05_059,变桨系统重复电池充电状态不正常,SC_RepFaultNoSignalPitchChargingCycleDone
88,__0,__0,01_05_061,三个桨叶编码器故障,SC_ThreePitchSensorsDefect
89,_51,__0,01_05_062,变桨充电设备电压不正常,SC_PitchChargingDeviceVoltageNotOK
90,_51,__0,01_05_063,三个桨叶都在91°位置,SC_PitchBladesEndPosOverrunSlipringSignal
91,_51,__0,01_05_067,桨叶设定值与实际值偏差大等级3,SC_PitchSetError_Limit3_5s
92,_51,__0,01_05_068,桨叶设定值与实际值偏差大等级4,SC_PitchSetError_Limit4_1s
97,__0,__0,01_05_107,SC_Blade1UcapNotOK,SC_Blade1UcapNotOK
98,__0,__0,01_05_108,桨叶1安全链断开,SC_Blade1PitchSafetyChainNotOK
99,__0,__0,01_05_109,桨叶1内部风扇故障,SC_Blade1InternalFanError
100,199,__0,01_05_110,桨叶1散热风扇故障,SC_Blade1HeatsinkFanErro
101,198,__0,01_05_111,桨叶1直流熔断器故障,SC_Blade1DCFuseError
102,198,__0,01_05_112,桨叶1充电警告,SC_Blade1ChargingWarning
103,198,__0,01_05_113,桨叶1电机锁住,SC_Blade1MotorBlockade
104,198,__0,01_05_114,桨叶1线缆故障,SC_Blade1MotorCableBroken
105,198,__0,01_05_115,桨叶1的91度限位开关故障,SC_Blade191DegreeSwitchError
106,_51,__0,01_05_116,桨叶1UC温度故障,SC_Blade1UCTemperatureError
109,__0,__0,01_05_128,桨叶1UC电压故障,SC_Blade1UCVoltageError
110,__0,__0,01_05_129,桨叶1负限位开关触发,SC_Blade1NegativeLimitSwitchTrigged
111,__0,__0,01_05_130,桨叶1的91度限位开关触发,SC_Blade191DegreeSwitchTrigged
112,__0,__0,01_05_131,桨叶1的95度限位开关触发,SC_Blade195DegreeSwitchTrigged
113,__0,__0,01_05_132,桨叶1电源故障,SC_Blade1PowerSupplyError
114,__0,__0,01_05_133,桨叶1安全链急停,SC_Blade1EmergencyBySafetyChain
115,__0,__0,01_05_134,桨叶1内部P6故障,SC_Blade1InternalP6Error
116,__0,__0,01_05_135,桨叶1变频器故障,SC_Blade1InterverError
117,__0,__0,01_05_136,桨叶1电机编码器故障,SC_Blade1MotorEncoderError
118,__0,__0,01_05_137,桨叶1位置对比错误,SC_Blade1PositionCompareError
119,__0,__0,01_05_138,桨叶1现场总线通讯故障,SC_Blade1FieldbusCommunicationError
120,__0,__0,01_05_139,桨叶1输出过载,SC_Blade1OutputOverload
121,__0,__0,01_05_140,桨叶1被现场总线急停,SC_Blade1EmergencyStopByFieldbus
122,__0,__0,01_05_141,桨叶1主电源故障急停,SC_Blade1EmergencyStopByMainPowerFailure
123,__0,__0,01_05_142,桨叶1主电源故障,SC_Blade1MainPowerFailure
124,__0,__0,01_05_143,桨叶1相位错误,SC_Blade1PhaseFailure
125,__0,__0,01_05_144,桨叶1Ucap过电压,SC_Blade1UcapOverVoltage
126,__0,__0,01_05_145,桨叶1变频器警告,SC_Blade1InverterWarning
127,__0,__0,01_05_146,桨叶1散热器温度警告,SC_Blade1HeatsinkTemperatureWarning
128,__0,__0,01_05_147,桨叶1电机温度警告,SC_Blade1MotorTemperatureWarning
129,__0,__0,01_05_148,桨叶1电机线缆温度警告,SC_Blade1MotorTemperatureCableError
130,__0,__0,01_05_149,桨叶1刹车故障,SC_Blade1BrakeCableError
131,__0,__0,01_05_150,桨叶1心跳超时,SC_Blade1HeartBeatOveTime
135,__0,__0,01_05_207,桨叶2Ucap异常,SC_Blade2UcapNotOK
136,__0,__0,01_05_208,桨叶2安全链断开,SC_Blade2PitchSafetyChainNotOK
137,__0,__0,01_05_209,桨叶2内部风扇故障,SC_Blade2InternalFanError
138,__0,__0,01_05_210,桨叶2散热风扇故障,SC_Blade2HeatsinkFanError
139,__0,__0,01_05_211,桨叶2直流熔断器故障,SC_Blade2DCFuseError
140,__0,__0,01_05_212,桨叶2充电器报警,SC_Blade2ChargingWarning
141,__0,__0,01_05_213,桨叶2电机锁住,SC_Blade2MotorBlockade
142,__0,__0,01_05_214,桨叶2电机线缆故障,SC_Blade2MotorCableBroken
143,__0,__0,01_05_215,桨叶2的91度限位开关故障,SC_Blade291DegreeSwitchError
144,__0,__0,01_05_216,桨叶2UC温度异常,SC_Blade2UCTemperatureError
147,__0,__0,01_05_228,桨叶2UC电压异常,SC_Blade2UCVoltageError
148,__0,__0,01_05_229,桨叶2负限位开关触发,SC_Blade2NegativeLimitSwitchTrigged
149,__0,__0,01_05_230,桨叶2的91度限位开关触发,SC_Blade291DegreeSwitchTrigged
150,__0,__0,01_05_231,桨叶2的95度限位开关触发,SC_Blade295DegreeSwitchTrigged
151,__0,__0,01_05_232,桨叶2电源故障,SC_Blade2PowerSupplyError
152,__0,__0,01_05_233,桨叶2被安全链急停,SC_Blade2EmergencyBySafetyChain
153,__0,__0,01_05_234,桨叶2内部P6故障,SC_Blade2InternalP6Error
154,__0,__0,01_05_235,桨叶2变频器故障,SC_Blade2InterverError
155,__0,__0,01_05_236,桨叶2电机编码器故障,SC_Blade2MotorEncoderError
156,__0,__0,01_05_237,桨叶2位置对比错误,SC_Blade2PositionCompareError
157,__0,__0,01_05_238,桨叶2现场总线通讯故障,SC_Blade2FieldbusCommunicationError
158,__0,__0,01_05_239,桨叶2输出过载,SC_Blade2OutputOverload
159,__0,__0,01_05_240,桨叶2被现场总线急停,SC_Blade2EmergencyStopByFieldbus
160,__0,__0,01_05_241,桨叶2因主电源故障急停,SC_Blade2EmergencyStopByMainPowerFailure
161,__0,__0,01_05_242,桨叶2主电源故障,SC_Blade2MainPowerFailure
162,__0,__0,01_05_243,桨叶2相位错误,SC_Blade2PhaseFailurel
163,__0,__0,01_05_244,桨叶2Ucap过电压,SC_Blade2UcapOverVoltage
164,__0,__0,01_05_245,桨叶2内部警告,SC_Blade2InverterWarning
165,__0,__0,01_05_246,桨叶2散热器温度警告,SC_Blade2HeatsinkTemperatureWarning
166,__0,__0,01_05_247,桨叶2电机温度警告,SC_Blade2MotorTemperatureWarning
167,__0,__0,01_05_248,桨叶2电机温度线缆故障,SC_Blade2MotorTemperatureCableError
168,__0,__0,01_05_249,桨叶2刹车线缆故障,SC_Blade2BrakeCableError
169,__0,__0,01_05_250,桨叶2心跳超时,SC_Blade2HeartbeatOverTime
901,__0,__0,01_05_307,桨叶3Ucap异常,SC_Blade3UcapNotOK
902,__0,__0,01_05_308,桨叶3安全链断开,SC_Blade3PitchSafetyChainNotOK
903,__0,__0,01_05_309,桨叶3内部风扇故障,SC_Blade3InternalFanError
904,__0,__0,01_05_310,桨叶3散热风扇故障,SC_Blade3HeatsinkFanError
905,__0,__0,01_05_311,桨叶3直流熔断器故障,SC_Blade3DCFuseError
906,__0,__0,01_05_312,桨叶3充电报警,SC_Blade3ChargingWarning
907,__0,__0,01_05_313,桨叶3电机锁住,SC_Blade3MotorBlockade
908,__0,__0,01_05_314,桨叶3电机线缆故障,SC_Blade3MotorCableBroken
909,__0,__0,01_05_315,桨叶3的91度限位开关故障,SC_Blade391DegreeSwitchError
910,__0,__0,01_05_316,桨叶3UC温度异常,SC_Blade3UCTemperatureError
911,__0,__0,01_05_328,桨叶3UC电压错误,SC_Blade3UCVoltageError
912,__0,__0,01_05_329,桨叶3负限位开关触发,SC_Blade3NegativeLimitSwitchTrigged
913,__0,__0,01_05_330,桨叶3的91度限位开关触发,SC_Blade391DegreeSwitchTrigged
914,__0,__0,01_05_331,桨叶3的95度限位开关触发,SC_Blade395DegreeSwitchTrigged
915,__0,__0,01_05_332,桨叶3电源故障,SC_Blade3PowerSupplyError
916,__0,__0,01_05_333,桨叶3被安全链急停,SC_Blade3EmergencyBySafetyChain
917,__0,__0,01_05_334,桨叶3内部P6故障,SC_Blade3InternalP6Error
918,__0,__0,01_05_335,桨叶3内部故障,SC_Blade3InterverError
919,__0,__0,01_05_336,桨叶3电机编码器故障,SC_Blade3MotorEncoderError
920,__0,__0,01_05_337,桨叶3位置对比错误,SC_Blade3PositionCompareError
921,__0,__0,01_05_338,桨叶3现场总线通讯故障,SC_Blade3FieldbusCommunicationError
922,__0,__0,01_05_339,桨叶3输出过载,SC_Blade3OutputOverload
923,__0,__0,01_05_340,桨叶3被现场总线急停,SC_Blade3EmergencyStopByFieldbus
924,__0,__0,01_05_341,桨叶3因主电源故障急停,SC_Blade3EmergencyStopByMainPowerFailure
925,__0,__0,01_05_342,桨叶3主电源故障,SC_Blade3MainPowerFailure
926,__0,__0,01_05_343,桨叶3相位错误,SC_Blade3PhaseFailure
927,__0,__0,01_05_344,桨叶3Ucap过电压,SC_Blade3UcapOverVoltage
928,__0,__0,01_05_345,桨叶3变频器报警,SC_Blade3InverterWarning
929,__0,__0,01_05_346,桨叶3散热器温度报警,SC_Blade3HeatsinkTemperatureWarning
930,__0,__0,01_05_347,桨叶3电机温度报警,SC_Blade3MotorTemperatureWarning
931,__0,__0,01_05_348,桨叶3电机线缆温度异常,SC_Blade3MotorTemperatureCableError
932,__0,__0,01_05_349,桨叶3刹车线缆故障,SC_Blade3BrakeCableError
933,__0,__0,01_05_350,桨叶3心跳超时,SC_Blade3HeartbeatOverTime
934,__0,__0,01_05_351,桨叶1变桨角度偏差大,SC_Blade1PitchAngleDiffMax
935,__0,__0,01_05_352,桨叶2变桨角度偏差大,SC_Blade2PitchAngleDiffMax
936,__0,__0,01_05_353,桨叶3变桨角度偏差大,SC_Blade3PitchAngleDiffMax
172,210,100,02_01_001,机舱急停按钮1触发,SC_SafetyChain_EmergencySTOP1nacelle
173,210,100,02_01_002,机舱急停按钮2触发,SC_SafetyChain_EmergencySTOP2nacelle
174,200,100,02_01_003,振动开关触发,SC_SafetyChain_VibrationSwitch
175,200,100,02_01_004,超速继电器继电器开关被触发,SC_SafetyChain_OverspeedRelayTriggered
176,200,100,02_01_005,纽缆开关限位开关被触发,SC_SafetyChain_CableTwistMax
177,200,100,02_01_006,逆时针纽缆开关限位开关被触发,SC_SafetyChain_CableTwistMaxCCW
178,200,100,02_01_007,振动传感器PCH开关被触发,SC_SafetyChain_VibrationSwitchPCHRelay
179,__0,__0,02_01_008,安全系统远程复位,SC_RemoteResetTwinSAFE
181,__0,__0,02_01_101,机舱柜的安全链复位按钮被触发,OC_SafetyChainResetFromNacelle
183,_51,_20,02_02_001,机舱柜温度超限,SC_TempNacelleCabinetOutOfSpec
185,_51,__0,02_02_003,机舱24VUPS故障,SC_UPSError24VNacellePLC
186,198,100,02_02_004,机舱230VUPS逆变不正常,SC_UPSError230VHub_AccuModeActive
187,__0,__0,02_02_005,机舱230VUPS故障,SC_UPSError230VHub
188,_51,__0,02_02_006,机舱24VUPS电池模式,SC_NacelleUPS_24VPLC_BatteryMode
190,_51,__0,02_02_008,机舱柜雷电保护器失效,SC_NoLightningProtectionCabinetNacelle
191,__0,__0,02_02_009,机舱柜温度高,SC_TempCabinetNacelle_high
192,__0,__0,02_02_010,机舱柜温度低,SC_TempCabinetNacelle_low
193,_51,__0,02_02_011,机舱柜温度较高,SC_TempCabinetNacelle_MAX
194,_51,__0,02_02_012,机舱柜温度较低,SC_TempCabinetNacelle_MIN
195,__0,__0,02_02_013,机舱柜温度重复故障,SC_RepFaultTempCabinetNacelle
196,_51,100,02_02_014,PLC模块363ST0或388ST0电源模块出现故障,SC_NacelleOL24VDevicesMeteorologyIncludingHeaters
197,__0,__0,02_02_015,风速加热和除冰传感器24V过载,SC_NacelleOL24VHeaterWindAndIceSensors
198,_51,100,02_02_016,PLC模块的电源模块出现故障(用于液压主轴刹车),SC_NacelleOL24VDevicesHydraulicsRotorGenerator
199,_51,100,02_02_017,机舱柜24V电压过载,SC_NacelleOL24VDigOut
200,199,100,02_02_018,机舱柜204Q1分闸,SC_NacelleFuse400VPitch
201,__0,__0,02_02_019,齿轮箱泵加热器222F4分闸,SC_NacelleFuseHeaterGearOilPump
202,_51,100,02_02_020,机舱柜690V熔断器熔断,SC_NacelleFuse690V
203,100,100,02_02_021,机舱柜400V开关201Q4分闸,SC_NacelleFuse400V
204,_51,__0,02_02_022,机舱柜24V电源250F1分闸,SC_NacelleFuse24VTempOutOfSpec
205,__0,100,02_02_023,机舱柜偏航电机主保护开关230Q1分闸,SC_NacelleMotorProtectionYawMotorsMain
208,__0,__0,02_02_026,机舱柜滑环加热器开关228F7分闸,SC_NacelleFuseHeaterSlipring
209,_51,__0,02_02_027,机舱柜齿轮箱润滑泵222Q1或者222Q1.1分闸,SC_MotorProtection_GearOilLubricPump
210,__0,__0,02_02_028,机舱柜齿轮箱水泵222Q7分闸,SC_MotorProtection_GearWaterPump
211,__0,__0,02_02_029,机舱柜齿轮箱水冷风扇224Q1分闸,SC_MotorProtection_GearFan
212,__0,__0,02_02_030,机舱柜机舱冷却风扇218Q1分闸,SC_MotorProtection_FanNacelle
213,__0,__0,02_02_031,机舱柜齿轮箱加热器224Q7分闸,SC_MotorProtection_GearboxHeater
214,_51,__0,02_02_032,机舱柜PLC电源模块359ST0故障,SC_NacelleOL24VDevicesHubAndDrivetrain
215,__0,__0,02_02_033,机舱柜加热器210F7分闸,SC_NacelleFuse230VCabHeater
216,__0,__0,02_02_034,机舱柜风扇210F2分闸,SC_NacelleFuse230VCabFan
217,_51,__0,02_02_036,机舱柜发电机外部风扇226Q1分闸,SC_MotorProtection_GenFanExternal
218,_51,__0,02_02_037,机舱柜发电机内部风扇226Q3分闸,SC_MotorProtection_GenFanInternal
219,__0,__0,02_02_038,机舱柜发电机加热器226F5分闸,SC_MotorProtection_GenSpaceHeater
220,__0,__0,02_02_039,机舱柜400V变24V开关电源212Q1分闸,SC_NacelleFuse400VAC_24VDC
221,__0,__0,02_02_040,机舱柜航空灯电源236F4开关分闸,SC_NacelleFuse230VHazardBeacon
222,_51,__0,02_02_041,机舱柜液压站油泵开关228Q1分闸,SC_MotorProtection_HydrPump
223,__0,__0,02_02_042,机舱柜齿轮箱风扇和油泵加热器222F4分闸,SC_NacelleFuseMotorHeater_GearFanAndOilPump
224,__0,__0,02_02_043,机舱柜液压站加热器开关228F4分闸,SC_MotorProtection_HydrHeater
225,__0,__0,02_02_044,机舱柜24V指示灯供电376ST0电源模块故障,SC_NacelleOL24VDevicesCabinetLamps
226,__0,__0,02_02_045,机舱柜发电机集中润滑开关226F7分闸,SC_NacelleFuseLubricPumpGenerator
227,__0,100,02_02_046,机舱柜偏航电机1热继电器230Q1.1保护动作,SC_MotorProtection_YawMotor1
228,__0,100,02_02_047,机舱柜偏航电机2热继电器230Q3保护动作,SC_MotorProtection_YawMotor2
229,__0,100,02_02_048,机舱柜偏航电机3热继电器230Q5保护动作,SC_MotorProtection_YawMotor3
230,__0,100,02_02_049,机舱柜偏航电机4热继电器230Q7保护动作,SC_MotorProtection_YawMotor4
231,__0,__0,02_02_050,机舱柜机舱电机开关236Q1分闸,SC_MotorProtection_BordCrane
232,100,__0,02_02_051,机舱柜齿轮箱PLC模块24V电源模块故障,SC_NacelleOL24VDevicesGearbox
233,__0,__0,02_02_052,机舱柜内部温度点PT100故障,SC_FaultInputPT100_CabinetNacelle
234,__0,__0,02_02_053,机舱温度点PT100故障,SC_FaultInputPT100_Nacelle
235,_51,__0,02_02_054,机舱齿轮箱油温度点PT100故障,SC_FaultInputPT100_GearOil1
236,_51,__0,02_02_057,机舱齿轮箱冷却液温度点PT100故障,SC_FaultInputPT100_GearCoolantFluid
237,_51,__0,02_02_058,机舱齿轮箱驱动端轴承温度点PT100故障,SC_FaultInputPT100_GearBearingDE
238,_51,__0,02_02_059,机舱齿轮箱非驱动端轴承温度点PT100故障,SC_FaultInputPT100_GearBearingNDE
239,_51,__0,02_02_060,机舱主轴A轴承温度点PT100故障,SC_FaultInputPT100_RotorBearingA
240,__0,__0,02_02_061,机舱变压器温度点PT100故障,SC_FaultInputPT100_NacelleTransformer690_400V
241,__0,__0,02_02_062,机舱变桨变压器温度点PT100故障,SC_FaultInputPT100_PitchTransformer
242,_51,__0,02_02_063,机舱主轴B轴承温度点PT100故障,SC_FaultInputPT100_RotorBearingB
246,_51,__0,02_02_067,机舱发电机定子U绕组温度点PT100故障,SC_FaultInputPT100_GeneratorStatorU
247,_51,__0,02_02_069,机舱发电机定子V绕组温度点PT100故障,SC_FaultInputPT100_GeneratorStatorV
248,_51,__0,02_02_071,机舱发电机定子W绕组温度点PT100故障,SC_FaultInputPT100_GeneratorStatorW
249,_51,__0,02_02_073,机舱发电机驱动端轴承温度点PT100故障,SC_FaultInputPT100_GeneratorBearingDE
250,_51,__0,02_02_074,机舱发电机非驱动端轴承温度点PT100故障,SC_FaultInputPT100_GeneratorBearingNDE
251,_51,__0,02_02_075,机舱发电机冷却空气温度点PT100故障,SC_FaultInputPT100_GeneratorCoolingAir
252,__0,__0,02_02_077,机舱户外温度点PT100故障,SC_FaultInputPT100_Outdoor
253,__0,100,02_02_078,机舱柜电磁抱闸开关230F8分闸,SC_NacelleFuseElectricalMotorBrakeYaw
255,_51,100,02_02_082,机舱柜偏航部分24V电源模块故障,SC_NacelleOL24VDevicesYaw
256,__0,__0,02_02_083,机舱柜面板24V手动电源过载故障,SC_NacelleOL24VDevicesManualSwitches
257,__0,__0,02_02_084,机舱柜可选设备24V电源PLC模块故障,SC_NacelleOL24VDevicesOptional
259,_51,__0,02_02_086,机舱柜压力24V电源361ST0模块故障,SC_NacelleOL24VDevicesPressure
260,_50,__0,02_02_087,PCH通讯数据无效,SC_SumInfoErrorCANPCH
839,__0,__0,02_02_090,齿轮箱油加热系统泵空开跳闸,SC_MotorProtection_GearOilHeaterSystemPump
840,__0,__0,02_02_091,齿轮箱油加热系统加热器空开跳闸,SC_MotorProtection_GearOilHeaterSystemHeater
841,__0,__0,02_02_092,齿轮箱油加热系统泵加热器空开跳闸,SC_NacelleFuseHeaterGearOilHeaterSystemPump
852,__0,__0,02_02_093,机舱加热器空开跳闸,SC_NacelleFuseHeaterNacelle
853,__0,__0,02_02_094,机舱加热器风扇空开跳闸,SC_NacelleFuseHeaterFanNacelle
854,__0,__0,02_02_095,机舱温度超限,SC_NacelleFuse24VNacelleTempoutOFspec
856,__0,__0,02_02_096,偏航电机加热器空开跳闸,SC_NacelleFuseYawMotorHeater
263,__0,__0,02_02_100,机舱高速轴刹车电磁阀刹车,OC_ValveOpenRotorBrake_ON
264,__0,__0,02_02_101,机舱发电机内部冷却风扇启动,OC_GenFanInternal_ON
265,__0,__0,02_02_102,机舱发电机外冷却风扇启动,OC_GenFanInternal_ON
266,__0,__0,02_02_103,机舱发电机空间加热器启动,OC_GenSpaceHeaterON
267,__0,__0,02_02_104,滑环加热器启动,OC_HeaterSlipring_ON
268,__0,__0,02_02_105,机舱齿轮箱冷却风扇启动,OC_GearFan_ON
269,__0,__0,02_02_106,机舱齿轮箱低速油泵启动,OC_GearOilPumpLS_ON
270,__0,__0,02_02_107,机舱齿轮箱高速油泵启动,OC_GearOilPumpHS_ON
271,__0,__0,02_02_108,机舱齿轮箱油加热器启动,OC_GearOilHeater_ON
272,__0,__0,02_02_109,机舱液压站油泵启动,OC_HydrPump_ON
273,__0,__0,02_02_110,机舱液压站加热器启动,OC_HydrHeater_ON
274,__0,__0,02_02_111,机舱风向风速仪加热器启动,OC_HeaterWindSensors_ON
275,__0,__0,02_02_112,机舱风扇启动,OC_FanNacelle_ON
276,__0,__0,02_02_113,机舱主轴集中润滑启动,OC_LubricPumpRotorBearing_ON
277,__0,__0,02_02_114,机舱顺时针偏航,OC_YawCW_ON
278,__0,__0,02_02_115,机舱逆时针偏航,OC_YawCCW_ON
279,__0,__0,02_02_116,机舱偏航电磁刹车动作,OC_OpenElectricalYawBrake_ON
280,__0,__0,02_02_117,机舱偏航液压压力全释放,OC_ValveOpenYawBrakeTotal_ON
281,__0,__0,02_02_118,机舱偏航液压压力半释放,OC_ValveOpenYawBrakePartly_ON
282,__0,__0,02_02_119,机舱除冰传感器启动,OC_HeaterIceSensor_ON
283,__0,__0,02_02_120,机舱柜加热器启动,OC_NacelleHeaterCabinetON
284,__0,__0,02_02_121,机舱桨叶轴承集中润滑泵启动,OC_LubricPumpBladeBearing_ON
285,__0,__0,02_02_122,机舱偏航轴承润滑泵启动,OC_LubricPumpYawBearing_ON
287,__0,__0,02_02_124,机舱齿轮箱水泵启动,OC_GearWaterPump_ON
288,__0,__0,02_02_125,机舱桨叶旁通启动,OC_PitchBypassFeatherSwitchHub_ON
289,__0,__0,02_02_126,机舱柜轮毂400V供电接触器闭合,OC_Nacelle400VSlipRing_ON
290,__0,__0,02_02_127,机舱柜24V电源输出闭合,OC_Nacelle24VOutput_ON
291,__0,__0,02_02_128,机舱桨叶齿轮集中润滑泵启动,OC_LubricPumpBladeBearPinions_ON
842,__0,__0,02_02_130,齿轮箱油加热器泵启动,OC_GearOilHeaterSystemPump_ON
843,__0,__0,02_02_131,齿轮箱油加热器加热丝启动,OC_GearOilHeaterSystemHeater_ON
855,__0,__0,02_02_132,机舱加热器启动,OC_NacelleHeaterNacelle_ON
862,__0,__0,02_02_140,发电机滑环风扇空开分闸,SC_MotorProtection_GenSlipRingFan
863,__0,__0,02_02_141,发电机空间加热器空开分闸,SC_MotorProtection_GenSpaceHeater2
864,__0,__0,02_02_142,发电机外冷风扇加热器空开分闸,SC_MotorProtection_GenFanExternalHeater
865,__0,__0,02_02_143,发电机集中润滑24V空开分闸,SC_NacelleFuseLubricPumpGenerator24V
293,__0,__0,02_03_001,机舱温度高,SC_TempNacelle_high
294,__0,__0,02_03_002,机舱温度低,SC_TempNacelle_low
295,_50,__0,02_03_003,机舱温度较高,SC_TempNacelle_MAX
296,_50,__0,02_03_004,机舱温度较低,SC_TempNacelle_MIN
297,_50,__0,02_03_005,机舱温度重复性故障,SC_RepFaultTempNacelle
298,_51,__0,02_03_006,机舱温度超出最大限制,SC_TempNacelleOutOfSpecMAX
299,_51,__0,02_03_007,机舱温度低于最小限制,SC_TempNacelleOutOfSpecMIN
857,__0,__0,02_03_008,机舱变压器温度高,SC_TempTransformer690_400V_high
858,__0,__0,02_03_009,机舱变压器温度低,SC_TempTransformer690_400V_low
859,_51,__0,02_03_010,机舱变压器温度较高,SC_TempTransformer690_400V_MAX
860,_51,__0,02_03_011,机舱变压器温度较低,SC_TempTransformer690_400V_MIN
861,_51,__0,02_03_012,机舱变压器温度重复性故障,SC_RepFaultTempTransformer690_400V
300,_50,__0,02_04_001,主轴超速等级1,SC_RotorOverSpeedLevel1
301,100,__0,02_04_002,主轴超速等级2,SC_RotorOverSpeedLevel2
302,_51,__0,02_04_003,发电机超速等级1,SC_GeneratorOverSpeedLevel1
303,100,__0,02_04_004,发电机超速等级2,SC_GeneratorOverSpeedLevel2
304,100,__0,02_04_005,转速超速等级1重复性故障,SC_RepFaultOverspeedLevel1
305,100,__0,02_04_006,主轴转速与发电机转速偏差过大,SC_RotorSpeedUnequalGeneratorSpeed
306,_51,__0,02_04_007,主轴转速方向错误,SC_RotorDirectionWrong
307,100,__0,02_04_008,发电机转速编码器失效,SC_SensorGeneratorSpeedDefect
308,_51,__0,02_04_009,主轴方向判断传感器1失效,SC_Sensor1RotorDirectionDefect
309,_51,__0,02_04_010,主轴方向判断传感器2失效,SC_Sensor2RotorDirectionDefect
310,__0,__0,02_04_011,主轴零位传感器失效,SC_SensorRotorZeroPositionDefect
311,_51,__0,02_04_012,主轴转速编码器失效,SC_SensorRotorSpeedDefect
312,_51,__0,02_04_013,超速继电器没有脉冲信号,SC_NoImpulsesSensorOverspeedRelay
313,100,100,02_04_014,主轴锁定销锁紧,SC_RotorBoltLocked
314,_30,__0,02_04_015,发电机转速超高速,SC_GeneratorSpeedAtSlipLimit_MAX
315,200,__0,02_04_016,主轴超速等级3,SC_RotorOverSpeedLevel3
316,200,__0,02_04_017,发电机超速等级3,SC_GeneratorOverSpeedLevel3
317,_51,__0,02_04_018,机舱振动Y方向超限1,SC_VibrationYAxisLevel1_PCH
318,100,__0,02_04_019,机舱振动Y方向超限2,SC_VibrationYAxisLevel2_PCH
319,_51,__0,02_04_020,机舱振动Y方向超限重复性故障,SC_RepFaultVibrationYAxisPCH
320,_51,__0,02_04_021,机舱振动Z方向超限1,SC_VibrationZAxisLevel1_PCH
321,100,__0,02_04_022,机舱振动Z方向超限2,SC_VibrationZAxisLevel2_PCH
322,_51,__0,02_04_023,机舱振动Z方向超限重复性故障,SC_RepFaultVibrationZAxisPCH
323,_51,__0,02_04_024,主轴转速增长过快,SC_DeltaLastRotorSpeedTooHigh_OPTION
324,_51,__0,02_04_025,主轴转速增长过快重复性故障,SC_RepFaultDeltaLastRotorSpeedTooHigh_OPTION
325,__0,__0,02_04_026,主轴轴承A温度高,SC_TempRotorBearingA_high
326,__0,__0,02_04_027,主轴轴承A温度低,SC_TempRotorBearingA_low
327,_51,__0,02_04_028,主轴轴承A温度较高,SC_TempRotorBearingA_MAX
328,_50,__0,02_04_029,主轴轴承A温度较低,SC_TempRotorBearingA_MIN
329,_51,__0,02_04_030,主轴轴承A温度较高重复性故障,SC_RepFaultTempRotorBearingA
330,__0,__0,02_04_031,主轴轴承B温度高,SC_TempRotorBearingB_high
331,__0,__0,02_04_032,主轴轴承B温度低,SC_TempRotorBearingB_low
332,_51,__0,02_04_033,主轴轴承B温度较高,SC_TempRotorBearingB_MAX
333,_50,__0,02_04_034,主轴轴承B温度较低,SC_TempRotorBearingB_MIN
334,_51,__0,02_04_035,主轴轴承B温度较高重复性故障,SC_RepFaultTempRotorBearingB
335,__0,__0,02_04_036,主轴轴承缺少润滑脂,SC_LackOfFatRotorBearing
336,__0,__0,02_04_037,主轴轴承没有润滑脂,SC_NoLubricationRotorBearing
339,__0,__0,02_04_101,主轴锁定销解锁,OC_RotorBoltUnlocked
340,__0,__0,02_04_102,发电机转速低于脱网转速,OC_GeneratorSpeedBelowSlipLimit_MIN
341,__0,__0,02_04_103,发电机转速低于刹车转速,OC_GeneratorSpeedBelowMainBrakeON
342,__0,__0,02_05_001,机舱齿轮箱油滤芯报警,SC_GearOilFilterClogged_Warning
343,__0,__0,02_05_002,机舱齿轮箱油滤芯重复性报警,SC_RepFaultGearOilFilterClogged
345,__0,__0,02_05_004,机舱齿轮箱油位报警,SC_GearOilLevel_Warning
346,_51,__0,02_05_005,机舱齿轮箱油位停机,SC_GearOilLevel_STOP
347,_51,__0,02_05_006,机舱齿轮箱油位重复性报警,SC_RepFaultGearOilLevel
348,__0,__0,02_05_007,机舱齿轮箱水压过低,SC_PressureGearCoolingWater_MIN
350,_51,__0,02_05_009,机舱齿轮箱油压过低停机,SC_GearOilPressure_MIN_STOP
351,_51,__0,02_05_010,机舱齿轮箱油压过低停机重复性故障,SC_RepFaultGearOilPressure_STOP
356,__0,__0,02_05_015,机舱齿轮箱油温高,SC_Temp1GearOil_high
357,__0,__0,02_05_016,机舱齿轮箱油温低,SC_Temp1GearOil_low
358,_51,__0,02_05_017,机舱齿轮箱油温较高,SC_Temp1GearOil_MAX
359,_50,__0,02_05_018,机舱齿轮箱油温较低,SC_Temp1GearOil_MIN
368,_50,__0,02_05_027,机舱齿轮箱油温重复性故障,SC_RepFaultTempGearOil
369,__0,__0,02_05_028,机舱齿轮箱驱动端轴承温度高,SC_TempGearBearingDE_high
370,__0,__0,02_05_029,机舱齿轮箱驱动端轴承温度低,SC_TempGearBearingDE_low
371,_51,__0,02_05_030,机舱齿轮箱驱动端轴承温度较高,SC_TempGearBearingDE_MAX
372,_50,__0,02_05_031,机舱齿轮箱驱动端轴承温度较低,SC_TempGearBearingDE_MIN
373,_50,__0,02_05_032,机舱齿轮箱驱动端轴承温度重复性故障,SC_RepFaultTempGearBearingDE
374,__0,__0,02_05_033,机舱齿轮箱非驱动端轴承温度高,SC_TempGearBearingNDE_high
375,__0,__0,02_05_034,机舱齿轮箱非驱动端轴承温度低,SC_TempGearBearingNDE_low
376,_51,__0,02_05_035,机舱齿轮箱非驱动端轴承温度较高,SC_TempGearBearingNDE_MAX
377,_50,__0,02_05_036,机舱齿轮箱非驱动端轴承温度较低,SC_TempGearBearingNDE_MIN
378,_50,__0,02_05_037,机舱齿轮箱非驱动端轴承温度重复性故障,SC_RepFaultTempGearBearingNDE
380,__0,__0,02_05_039,机舱油加热系统的PT100故障,SC_FaultInputPT100_GearOilHeaterSystem
845,__0,__0,02_05_040,机舱油加热系统油热空开跳闸,SC_GearOilHeaterSystemOilHot_Switch
846,__0,__0,02_05_041,机舱油加热系统压力过低,SC_GearOilHeaterSystemPressure_MIN
381,__0,__0,02_05_100,不监视机舱齿轮箱油滤芯,OC_NoMonitoringOfGearOilFilter
387,_50,__0,02_07_002,主轴刹车盘磨损警告,SC_RotorBrakePadsWorn_Warning
388,100,__0,02_07_003,主轴刹车盘磨损停机,SC_RotorBrakePadsWorn_STOP
389,_51,__0,02_07_004,主轴刹车不松开状态,SC_RotorBrakeNotOpen
390,100,__0,02_07_005,主轴刹车处于抱闸状态,SC_RotorBrakeClosed
393,__0,__0,02_07_100,主轴允许刹车,OC_ExternalBox_RotorBrakeCanBeClosed
394,100,__0,02_08_001,发电机功率10分钟平均值大于额定值,SC_GenMaxPower10min
395,100,__0,02_08_002,发电机功率30秒钟平均值大于设定值,SC_GenMaxPower30s
396,100,__0,02_08_003,发电机功率1秒钟平均值大于设定值,SC_GenMaxPower1s
397,100,__0,02_08_004,发电机功率10分钟平均值重复性故障,SC_RepFaultGenMaxPower10min
398,200,__0,02_08_005,发电机功率1秒钟平均值大于设定值,SC_GenMaxPower1sOpenSafetyChain
399,__0,__0,02_08_006,发电机碳刷磨损报警,SC_GeneratorBrushesWaste_Warning
400,_50,__0,02_08_007,发电机碳刷磨损停机,SC_GeneratorBrushesWaste_STOP
401,__0,__0,02_08_008,发电机防雷器保护失效,SC_GeneratorNoLightningProtection_Warning
404,_51,__0,02_08_011,发电机转速的瞬间变化过快故障,SC_DeltaLastGenSpeedTooHigh_OPTION
405,_51,__0,02_08_012,发电机转速的瞬间变化过快重复性故障,SC_RepFaultDeltaLastGenSpeedTooHigh_OPTION
406,__0,__0,02_08_013,发电机U相定子温度高,SC_TempGenStatorU_high
407,__0,__0,02_08_014,发电机U相定子温度低,SC_TempGenStatorU_low
408,_50,__0,02_08_015,发电机U相定子温度较高,SC_TempGenStatorU_MAX
409,_50,__0,02_08_016,发电机U相定子温度较低,SC_TempGenStatorU_MIN
410,__0,__0,02_08_017,发电机V相定子温度高,SC_TempGenStatorV_high
411,__0,__0,02_08_018,发电机V相定子温度低,SC_TempGenStatorV_low
412,_50,__0,02_08_019,发电机V相定子温度较高,SC_TempGenStatorV_MAX
413,_50,__0,02_08_020,发电机V相定子温度较低,SC_TempGenStatorV_MIN
414,__0,__0,02_08_021,发电机W相定子温度高,SC_TempGenStatorW_high
415,__0,__0,02_08_022,发电机W相定子温度低,SC_TempGenStatorW_low
416,_50,__0,02_08_023,发电机W相定子温度较高,SC_TempGenStatorW_MAX
417,_50,__0,02_08_024,发电机W相定子温度较低,SC_TempGenStatorW_MIN
418,_50,__0,02_08_025,发电机定子温度重复性故障,SC_RepFaultTempGenStator
419,__0,__0,02_08_026,发电机驱动端轴承温度高,SC_TempGenBearingDE_high
420,__0,__0,02_08_027,发电机驱动端轴承温度低,SC_TempGenBearingDE_low
421,_51,__0,02_08_028,发电机驱动端轴承温度较高,SC_TempGenBearingDE_MAX
422,_50,__0,02_08_029,发电机驱动端轴承温度较低,SC_TempGenBearingDE_MIN
423,__0,__0,02_08_030,发电机非驱动端轴承温度高,SC_TempGenBearingNDE_high
424,__0,__0,02_08_031,发电机非驱动端轴承温度低,SC_TempGenBearingNDE_low
425,_51,__0,02_08_032,发电机非驱动端轴承温度较高,SC_TempGenBearingNDE_MAX
426,_50,__0,02_08_033,发电机非驱动端轴承温度较低,SC_TempGenBearingNDE_MIN
427,_50,__0,02_08_034,发电机轴承温度重复性故障,SC_RepFaultTempGenBearing
428,__0,__0,02_08_035,发电机冷却空气温度高,SC_TempGenCoolingAir_high
429,__0,__0,02_08_036,发电机冷却空气温度低,SC_TempGenCoolingAir_low
430,_50,__0,02_08_037,发电机冷却空气温度较高,SC_TempGenCoolingAir_MAX
431,_50,__0,02_08_038,发电机冷却空气温度较低,SC_TempGenCoolingAir_MIN
432,_50,__0,02_08_039,发电机冷却空气温度重复性故障,SC_RepFaultTempGenCoolingAir
433,100,__0,02_08_040,发电机最大功率30秒平均值重复性故障,SC_RepFaultGenMaxPower30s
434,100,__0,02_08_041,发电机最大功率1秒平均值重复性故障,SC_RepFaultGenMaxPower1s
436,_51,__0,02_09_001,液压系统压力过小报警,SC_HydrPressureSystemMin_Warning
437,100,100,02_09_002,液压系统压力过小报警重复性故障,SC_RepFaultHydrSystemPressureMIN
438,100,100,02_09_003,液压系统压力过小停机,SC_HydrPressureSystemMin_STOP
439,_51,__0,02_09_004,液压系统主轴刹车压力过小报警,SC_HydrPressureRotorBrakeMin_Warning
440,100,100,02_09_005,液压系统主轴刹车压力过小报警重复性故障,SC_RepFaultHydrPressureRotorBrakeMin
448,__0,_30,02_09_013,液压站油位过低,SC_HydrOilLevel_MIN
449,_50,_30,02_09_014,液压站油位过低停机,SC_HydrOilLevel_STOP
450,__0,_30,02_09_015,液压站油位过低重复性故障,SC_RepFault_HydrOilLevel_MIN
451,_50,_30,02_09_016,液压站油温过高报警,SC_HydrOilHot_Switch
452,__0,__0,02_09_017,液压站油泵启动时间过长,SC_HydrPumpTime_MAX
453,_51,__0,02_09_018,液压站油泵启动时间过长重复性故障,SC_RepFault_HydrPumpTime_MAX
454,__0,__0,02_09_019,液压站油泵启动时间过短,SC_HydrPumpTime_MIN
455,_51,__0,02_09_020,液压站油泵启动时间过短重复性故障,SC_RepFault_HydrPumpTime_MIN
456,_51,__0,02_09_021,液压站油泵启动次数过多,SC_HydrPumpTooManyStarts
463,_51,__0,02_09_028,液压站油温过高报警重复性故障,SC_RepFault_TempHydrOil
473,__0,100,02_10_006,电机启动时偏航刹车锁定重复性故障,SC_RepFault_YawBrakeLockedWhileMotorsON
474,__0,__0,02_10_007,校准机舱对北角度,SC_CalibrateNorthPositionNacelle
475,__0,100,02_10_008,偏航速度过慢,SC_YawSpeedTooSlow
476,__0,100,02_10_009,偏航速度过慢重复性故障,SC_RepFault_YawSpeedTooSlow
477,__0,100,02_10_010,偏航电机运转时间过长,SC_YawMotorTimeTooLong
478,_51,__0,02_10_011,偏航因受阻而停止,SC_STOP_ForBlockedYaw
479,__0,__0,02_10_012,偏航编码器失效,SC_YawPositionEncoderFault
480,_51,__0,02_10_013,风机位置与风向偏差过大,SC_YawAndWinddirDeviationTooHigh
481,__0,__0,02_10_014,偏航刹车盘磨损警告,SC_YawBrakePadsWorn_Warning
482,_51,__0,02_10_015,偏航刹车盘磨损停机,SC_YawBrakePadsWorn_STOP
483,__0,__0,02_10_016,偏航轴承缺乏润滑油,SC_LackOfFatYawBearing
484,__0,__0,02_10_017,无偏航轴承润滑油,SC_NoLubricationYawBearing
486,__0,__0,02_10_100,风机与风向夹角超出限定值,OC_YawMisalignmentForStartProcedure
487,__0,_30,02_10_101,偏航手动操作,SC_YawManualOperation
488,_51,_10,02_10_102,偏航解缆动作激活,OC_RewindingLoopCablesActive
489,__0,__5,02_10_103,偏航解缆动作处于准备状态,OC_RewindingLoopCablesInStandby
492,__0,__0,02_11_001,风向仪1的信号保持不变,SC_ConstantSignalVane1
493,__0,__0,02_11_002,风向仪2的信号保持不变,SC_ConstantSignalVane2
494,100,100,02_11_003,风向仪1和2的信号保持不变,SC_ConstantSignalVane1and2
495,__0,__0,02_11_004,风向仪1和2的偏差大报警,SC_DifferenceVanesHigh_Warning
496,__0,__0,02_11_005,风向仪1和2的偏差大而且温度低报警,SC_DifferenceVanesAndTempMin_Warning
497,100,__0,02_11_006,风向仪1和2失效而且温度低,SC_Vane1and2defectAndTempMin
498,_50,100,02_11_007,风向仪1和2的偏差大停机,SC_DifferenceVanesHigh_STOP
499,__0,__0,02_11_008,风速仪1的信号保持不变,SC_ConstantSignalAnemometer1
500,__0,__0,02_11_009,风速仪2的信号保持不变,SC_ConstantSignalAnemometer2
501,_51,__0,02_11_010,风速仪1和2的信号保持不变,SC_ConstantSignalAnemometer1and2
502,__0,__0,02_11_011,风速仪1和2的偏差大报警,SC_DifferenceAnemometer_Warning
503,__0,100,02_11_012,风速仪偏差大及温度低报警,SC_DifferenceAnemometerAndTempMin_Warning
504,100,100,02_11_013,2个风速仪保持不变及温度低,SC_Anemometer1and2defectAndTempMin
505,__0,__0,02_11_014,风速与功率关系故障及温度低报警,SC_RelationWindToPowerAndTempMin_Warning
506,_51,__0,02_11_015,户外温度超过限制值,SC_TempOutdoorOutOfSpecification
507,__0,__0,02_11_016,户外温度高,SC_TempOutdoor_high
508,__0,__0,02_11_017,户外温度低,SC_TempOutdoor_low
509,_51,__0,02_11_018,户外温度较高,SC_TempOutdoor_MAX
510,_51,__0,02_11_019,户外温度较低,SC_TempOutdoor_MIN
511,__0,__0,02_11_020,户外温度重复性故障,SC_RepFault_TempOutdoor
512,_50,__0,02_11_021,风速与功率不匹配,SC_WindAndPowerDoNotCorrespond
513,_50,__0,02_11_022,风速与功率不匹配重复性故障,SC_RepFault_WindAndPowerDoNotCorrespond
515,_51,__0,02_11_101,风速1秒值过大停机,SC_ShutDownWindspeed_1sMax
516,_51,__0,02_11_102,风速30秒值过大停机,SC_ShutDownWindspeed30sMax
517,_51,__0,02_11_103,风速10分钟值过大停机,SC_ShutDownWindspeed_10minMax
518,_51,__0,02_11_104,待风状态,SC_WaitingForWind
519,__0,__0,02_11_105,风速达到激活偏航的等级,OC_MeanWindSpeedAboveActivatingYaw
520,__0,__0,02_11_106,风机达到风机重启的等级,OC_MeanWindSpeedAboveRestartMaxWind
521,__0,__0,02_11_107,不对风速进行检测,OC_NoMonitoringWindSensors
522,__0,__0,02_11_108,风向仪1屏蔽,OC_WindVane1_OFF
523,__0,__0,02_11_109,风向仪2屏蔽,OC_WindVane2_OFF
524,__0,__0,02_11_110,风速仪1屏蔽,OC_Anemometer1_OFF
525,__0,__0,02_11_111,风速仪2屏蔽,OC_Anemometer2_OFF
526,__0,__0,02_11_112,风速超过解缆等级,OC_MeanWindSpeedAboveCableUnwindingOK
527,__0,__0,02_11_113,风速过大不能进行手动操作模式,SC_WindSpeedToHighForManualMode
528,__0,__0,02_11_114,风速过大不能进行自检模式,OC_MeanWindSpeedAboveStartSelftest
529,_51,__0,02_12_001,机舱柜或塔基柜手动停机按钮按下,SC_ManualSTOP_NacelleOrTowerBase
530,__0,_30,02_12_002,机舱柜机组维修或变桨检修模式,SC_TurbineInServiceNacelle
531,__0,_30,02_12_003,偏航软件手动模式,SC_ManualYawBySoftware
532,__0,__0,02_12_004,安全链测试超速继电器,SC_SafetyChainTestOverspeedRelay
533,__0,__0,02_12_006,机舱柜或塔基柜的复位状态代码按钮按下,SC_ResetStatusCodesFromNacelleOrTowerBase
535,__0,__0,02_12_101,机舱柜或塔基柜的复位状态代码按钮按下,SC_ResetStatusCodesFromNacelleOrTowerBase
536,__0,__0,02_12_102,机舱柜或塔基柜的快速启动按钮按下,OC_QuickStartActivatedNacelleOrTowerBase
539,__0,__0,02_13_001,机舱航空灯1故障,SC_FaultHazardBeacon1
540,__0,__0,02_13_002,机舱航空灯2故障,SC_FaultHazardBeacon2
541,_50,__0,02_13_003,因除冰传感器信号导致停机,SC_ShutDownByIceSensor
542,_51,__0,02_13_004,沙尘暴模式启动,SC_SandStormComingMode
544,210,100,03_01_001,塔基柜急停按钮按下,SC_SafetyChainEmergencySTOP_TowerBase
545,200,100,03_01_002,安全链系统运行故障,SC_SafetyChainNoStatusOKSignalByTwinSAFE
546,200,100,03_01_003,安全链链接故障,SC_ConnectionFaultTwinSAFE
547,200,100,03_01_004,变频器触发安全链断开,SC_SafetyChainOpenedByConverter
548,199,100,03_01_005,塔基柜安全链系统没有24V电源反馈,SC_TowerNoFeedBack24VOutFromTwinSAFE
549,__0,__0,03_01_006,塔基柜安全链复位按钮按下,SC_SafetyChainResetFromTowerBase
550,__0,__0,03_01_007,远程软件或者HMI界面复位安全链按键按下,SC_SafetyChainResetRemoteOrTargetVISU
551,199,100,03_01_008,安全链没有OK信号(安全链断开),SC_SafetyChainNoStatusOKSignal
552,_51,_20,03_02_001,塔基柜温度超限,SC_TempTowerBaseCabinetOutOfSpec
553,_51,_20,03_02_002,塔基柜供电给PLC的UPS(12G3)报警,SC_UPSErrorTowerBasePLCandCOM
554,_51,_20,03_02_003,塔基柜通用供电的UPS(12G7)报警,SC_UPSErrorGeneralSupply
555,198,100,03_02_004,塔基柜动力电源供给正常UPS处于电池模式故障,SC_TowerNHFuse690VMAINSupply
556,198,100,03_02_005,塔基柜动力电源供给正常2个UPS处于电池模式故障,SC_TowerMainOnLoadIsolatorIncomming3x690V
557,__0,__0,03_02_006,塔基柜的防雷器保护不正常,SC_NoLightningProtectionTowerBase
558,100,100,03_02_007,4Q5分闸状态,SC_TowerFuse3x400VAC
559,_51,__0,03_02_008,12G3处于电池模式,SC_TowerUPS_PLCandCOM_BatteryMode
560,__0,__0,03_02_009,塔基柜的柜内空调报警,SC_TowerFuse230VThermostat
561,100,100,03_02_010,KL6904电源模块出现故障,SC_TowerOL24VDigOut
562,__0,__0,03_02_011,塔基柜加热器空开10F7分闸状态,SC_TowerFuse230VCabHeating
563,100,100,03_02_012,塔基柜24V过载输入(112DI1的4、6引脚),SC_TowerOL24VDigIn
564,199,__0,03_02_013,塔基柜空开51F4分闸状态,SC_TowerFuse24V_MediaConvPlusBCforTwinSAFE
565,__0,__0,03_02_014,塔基柜风扇马达保护开关18Q2分闸状态,SC_MotorProtection_TowerFan
566,_51,__0,03_02_015,通用UPS(12G7)电池模式,SC_TowerUPS_General_BatteryMode
567,__0,__0,03_02_016,塔基柜指示灯输出电源模块失电或短路故障,SC_TowerOL24VDevicesCabinetLamps
568,100,__0,03_02_017,变频器230V电源跳闸,SC_TowerConverterAC_230V
569,_51,__0,03_02_018,塔基柜温控器+24V电源空开(50F1)分闸状态,SC_TowerFuse24VTempOutOfSpec
570,_51,__0,03_02_019,690V总电源跳闸,SC_TowerFuse690VIncommingSupply
571,_51,__0,03_02_020,690V主断路器分闸,SC_TowerMCB690VnotClosed
572,100,__0,03_02_021,塔基柜24V电网监控电源失电,SC_TowerOL24VDevicesGridMonitoringKL3403
574,__0,__0,03_02_023,塔基温度PT100失效故障,SC_FaultInputPT100_TowerBase
575,__0,__0,03_02_024,塔基柜温度高,SC_TempCabinetTowerBase_high
576,__0,__0,03_02_025,塔基柜温度低,SC_TempCabinetTowerBase_low
577,_50,__0,03_02_026,塔基柜温度较高,SC_TempCabinetTowerBase_MAX
578,_50,__0,03_02_027,塔基柜温度较低,SC_TempCabinetTowerBase_MIN
579,__0,__0,03_02_028,塔基柜温度重复性故障,SC_RepFaultTempCabinetTowerBase
580,198,__0,03_02_029,变频器230VUPS电池模式激活,SC_UPSError230VConverter_AccuModeActive
581,__0,__0,03_02_030,变频器230VUPS故障,SC_UPSError230VConverter
585,__0,__0,03_02_034,塔基柜面板手动旋钮24V电源失电,SC_TowerOL24VManualSwitches
586,100,__0,03_02_035,塔基柜箱变24V信号电源失电,SC_TowerOL24VDevicesMVStation
587,__0,__0,03_02_036,塔筒门报警,SC_TowerDoorAlarm
589,100,100,03_02_038,塔基柜24V开关电源的400V空开12Q1分闸状态,SC_TowerFuse400VAC_24VDC
590,__0,__0,03_02_039,塔基柜温度点PT100失效故障,SC_FaultInputPT100_TempCabinetTowerBase
847,__0,__0,03_02_040,塔基环境温度超出范围,SC_TowerFuse24VTowerTempOutOfSpec
848,__0,__0,03_02_041,塔基加热器空开跳闸,SC_TowerFuseHeaterTower
849,__0,__0,03_02_042,塔基加热器风扇空开跳闸,SC_TowerFuseHeaterFanTower
591,__0,__0,03_02_100,塔基柜加热器启动,OC_TowerHeaterCabinet_ON
592,__0,__0,03_02_101,塔基加热器启动,OC_TowerHeaterTowerON
595,__0,__0,03_03_001,塔基温度高,SC_TempTowerBase_high
596,__0,__0,03_03_002,塔基温度低,SC_TempTowerBase_low
597,__0,__0,03_03_003,塔基温度较高,SC_TempTowerBase_MAX
598,_50,__0,03_03_004,塔基温度较低,SC_TempTowerBase_MIN
599,__0,__0,03_03_005,塔基温度高于限定范围,SC_TempTowerBaseOutOfSpecMAX
826,__0,__0,03_03_006,塔基温度低于限定范围,TempTowerBaseOutOfSpecMIN
827,_50,__0,03_03_007,塔基温度重复性故障,SC_RepFaultTempTowerBase
600,__0,__0,03_03_101,塔基风扇运行,OC_FanTowerBase_ON
602,198,__0,03_04_001,通过外部监测系统判断电网故障(可选),SC_GridFailureByExternalGridMonitoringDevice_OPTION
603,100,__0,03_04_002,电网L1相电压偏高,SC_GridVoltageL1_high
604,100,__0,03_04_003,电网L2相电压偏高,SC_GridVoltageL2_high
605,100,__0,03_04_004,电网L3相电压偏高,SC_GridVoltageL3_high
606,100,__0,03_04_005,电网电压偏高重复性故障,SC_RepFaultGridVoltageHigh
607,199,100,03_04_006,电网L1相电压偏低,SC_GridVoltageL1_low
608,199,100,03_04_007,电网L2相电压偏低,SC_GridVoltageL2_low
609,199,100,03_04_008,电网L3相电压偏低,SC_GridVoltageL3_low
610,199,100,03_04_009,电网电压偏低重复性故障,SC_RepFaultGridVoltageLow
611,198,__0,03_04_010,电网频率偏高故障,SC_GridFrequencyHigh
612,198,__0,03_04_011,电网频率偏低故障,SC_GridFrequencyLow
613,199,__0,03_04_012,电网频率重复性故障,SC_RepFaultGridFrequency
619,198,100,03_04_018,电网三相电压失效,SC_GridLost_PowerFailure
620,199,__0,03_04_019,电网外部监测器失效重复性故障,SC_RepFaultGridFailureByExternalGridMonitoringDevice
866,199,__0,03_04_020,低电压穿越过程中电压L1相超出范围,SC_VoltageL1OutOfRange_RideThrough
867,199,__0,03_04_021,低电压穿越过程中电压L2相超出范围,SC_VoltageL2OutOfRange_RideThrough
868,199,__0,03_04_022,低电压穿越过程中电压L3相超出范围,SC_VoltageL3OutOfRange_RideThrough
869,199,__0,03_04_023,低电压穿越超时,SC_LVRT_TimeOut
838,__0,__0,03_04_100,电网故障恢复,OC_ReturnOfGrid
721,__0,__0,03_06_001,机组刹车程序激活,OC_BrakeProgramActive
724,__0,__0,03_06_004,统计系统中的记录错误,SC_LogErrorStatistics
725,__0,__0,03_06_005,记录错误描述值错误,SC_LogErrorSummaryValues
726,__0,__0,03_06_006,用户登录记录故障,SC_LogErrorUserAccess
727,__0,__0,03_06_007,NovRAM写读初始化大小故障,SC_FaultNOVRAM_IniReadWriteSize
728,100,__0,03_06_008,运算中除数为0故障,SC_DivisionByZero
729,__0,__0,03_06_009,PLC任务主循环时间超限,SC_MaxCycleTimeMainPLCTask
730,_51,__0,03_06_010,电网测量模块初始化故障,SC_ErrorInitializationKL3403
731,__0,__0,03_06_011,高速记录曲线故障,SC_LogErrorTraces
732,__0,__0,03_06_012,命令任务循环时间超限,SC_MaxCycleTimeCOMTask
733,__0,__0,03_06_013,系统任务循环时间超限重复次数多,SC_RepFaultMaxCycleTime_FastOrCOMTask
734,100,__0,03_06_014,变频器CANbus总线受到干扰,SC_InterruptionCANbusConverter
735,100,__0,03_06_015,变频器CANbus总线受到干扰重复性故障,SC_RepFaultCANbusConverter
736,198,__0,03_06_016,变桨的Profibus通讯故障,SC_FaultPofibusPitch
737,198,__0,03_06_017,变频器EL6751通讯模块错误,SC_CANopen_ConverterValidData_Error
738,100,__0,03_06_018,PLC系统的EtherCAT总线受到干扰,SC_InterruptionEtherCAT
739,100,__0,03_06_019,PLC系统的EtherCAT总线受到干扰重复性故障,SC_RepFaultEtherCAT
740,__0,__0,03_06_020,CX1020模块的硬盘溢出故障,SC_CX1020_HarddiscOverflow
741,__0,__0,03_06_021,系统记录功率曲线故障,SC_LogErrorPowerCurve
742,__0,__0,03_06_022,系统记录状态代码的缓存故障,SC_LogErrorRingBufferStatuscodes
743,__0,__0,03_06_023,系统记录10分钟平均值故障,SC_LogError10minValues
744,__0,__0,03_06_024,机舱BK1120故障,SC_NoCOM_BK1120Nacelle
745,__0,__0,03_06_025,机舱EK1100故障,SC_NoCOM_EK1100Nacelle
746,__0,__0,03_06_026,塔基BK1120故障,SC_NoCOM_BK1120TowerBase
747,__0,__0,03_06_027,系统没有风场通讯的心跳信号,SC_NoHeartBeat_WindparkCOM
748,__0,__0,03_06_028,塔基柜的EK1110没有通讯信号,SC_NoCOM_EK1100TowerBase
749,__0,__0,03_06_029,机舱显示故障信息,SC_ErrorDisplayNacelle_SumInfo
750,__0,__0,03_06_030,塔基显示总计故障,SC_ErrorDisplayTowerBase_SumInfo
751,100,__0,03_06_031,风机的BK和EK总线出现重复性故障,SC_RepFault_COM_BKEK_TurbineInternal
752,__0,__0,03_06_101,变桨的状态代码被屏蔽,OC_SCPitchOFF
753,__0,__0,03_06_102,驱动链的状态代码被屏蔽,OC_SCDriveTrainOFF
754,__0,__0,03_06_103,齿轮箱的状态代码被屏蔽,OC_SCGearboxOFF
755,__0,__0,03_06_104,主轴刹车的状态代码被屏蔽,OC_SCRotorBrakeOFF
756,__0,__0,03_06_105,发电机的状态代码被屏蔽,OC_SCGeneratorOFF
757,__0,__0,03_06_106,液压站的状态代码被屏蔽,OC_SCHydraulicsOFF
758,__0,__0,03_06_107,偏航的状态代码被屏蔽,OC_SCYawOFF
759,__0,__0,03_06_108,气候测量仪表的状态代码被屏蔽,OC_SCMeteorologyOFF
760,__0,__0,03_06_109,可选器件或者额外附件的状态代码被屏蔽,OC_SCOptionsAndExtrasOFF
761,__0,__0,03_06_110,手动操作的状态代码被屏蔽,OC_SCManualOperationOFF
762,__0,__0,03_06_111,电网的状态代码被屏蔽,OC_SCGridOFF
763,__0,__0,03_06_112,变频器的状态代码被屏蔽,OC_SCInverterOFF
764,__0,__0,03_06_113,控制系统状态的状态代码被屏蔽,OC_SCControlSystemOFF
765,__0,__0,03_06_114,控制柜的状态代码被屏蔽,OC_SCCabinetsOFF
766,__0,__0,03_06_115,箱变的状态代码被屏蔽,OC_SCMVStationOFF
767,__0,__0,03_06_116,机舱温度控制的状态代码被屏蔽,OC_SCNacelleClimateControlOFF
768,__0,__0,03_06_117,塔基显示的状态代码被屏蔽,OC_DisplayTowerBaseOFF
769,__0,__0,03_06_118,机舱显示的状态代码被屏蔽,OC_DisplayNacelleOFF
771,__0,__0,03_06_120,手动激活跟踪记录,OC_ManualActivatedTrace
772,__0,__0,03_06_121,风机通讯中断,OC_TurbineCommunicationDisconnected
773,__0,__0,03_06_122,风场路由器通讯中断,OC_ParkRouterCommunicationDisconnected
774,_51,__0,03_06_123,PLC系统重启,OC_RestartPLC
775,__0,__0,03_06_124,系统更新模式启动,OC_UpdateModeON
776,__0,__0,03_06_125,塔基温度控制的状态代码被屏蔽,OC_SCTowerClimateControlOFF
974,_51,__0,03_06_126,叶片结冰停机,SC_BladeFrozen_STOP
975,_51,__0,03_06_127,风速仪结冰,SC_AnemometerFrozen
976,__0,__0,03_06_128,TrcaceLog文件存储容量告警,SC_TracelogFilesTooMany
977,__0,__0,03_06_129,风机湍流过大机组安全运行,OC_LimitPowerForExtremeTurbulence
778,_51,__0,03_07_001,塔基外部信号导致系统停机,SC_STOPbyExternalSignalTowerBase
779,_51,__0,03_07_002,测试远程停机信号,SC_TestSTOP_Remote
781,_30,__0,03_07_004,测试刹车程序30,SC_TestBrakeProgram30
833,_50,__0,03_07_005,测试刹车程序50,SC_TestBrakeProgram50
834,_51,__0,03_07_006,测试刹车程序51,SC_TestBrakeProgram51
835,100,__0,03_07_007,测试刹车程序100,SC_TestBrakeProgram100
836,199,__0,03_07_008,测试刹车程序199,SC_TestBrakeProgram199
837,198,__0,03_07_009,测试刹车程序198,SC_TestBrakeProgram198
782,__0,_30,03_08_001,塔基的机组检修旋钮触发,SC_TurbineInServiceTowerBase
783,_51,_30,03_08_002,旁通偏航到限定位置,SC_LimitSwitchCableTwistBridged
784,__0,__0,03_08_003,远程复位状态代码,SC_ResetStatusCodesViaRemote
785,_51,__0,03_08_004,远程停机,SC_STOP_RemoteOrServiceNotebook
786,__0,__0,03_08_101,塔基柜的机组检修模式退出,OC_ServiceSwitchTowerBaseOFF
787,__0,__0,03_08_102,远程快速启动,OC_QuickStartActivatedvViaRemote
788,__0,__0,03_08_103,手动触发数据记录,OC_ManualTriggerTraceLog
791,__0,__0,03_09_001,机组正常运行,SC_TURBINE_AVAILABLE
792,_51,__0,03_09_002,工厂测试中断运行,SC_InterruptionAutoShopfloorTest
793,_51,__0,03_09_003,工厂测试中断运行重复性故障,SC_RepFaultInterruptionAutoShopfloorTest
794,100,__0,03_09_004,自检过程中出现风速与主轴转速不匹配故障,SC_SELFTEST_ErrorRelationWindAndRotorSpeed
795,100,__0,03_09_005,自检过程中刹车测试失败,SC_SELFTEST_BrakeTestFailed
796,100,__0,03_09_006,自检过程中变桨系统测试失败,SC_SELFTEST_PitchTestFailed
797,100,__0,03_09_007,自检过程中变桨系统的充电电池测试故障,SC_SELFTEST_PitchAccumulatorStatusError
798,__0,__0,03_09_008,机组手动操作激活,OC_ManualTurbineControlActive
799,_51,__0,03_09_009,手动操作最大发电机转速,SC_MaxGenSpeed_ManualOP
800,100,__0,03_09_010,刹车程序50超时,SC_TimeOut_BP50
801,100,__0,03_09_011,刹车程序51超时,SC_TimeOut_BP51
802,199,__0,03_09_012,刹车程序100超时,SC_TimeOut_BP100
803,_51,__0,03_09_013,刹车程序30超时,SC_TimeOut_BP30
804,__0,__0,03_09_101,功率大于停机设定值(10分钟判断),OC_PowerAboveShutDown_10min
805,__0,__0,03_09_102,功率大于停机设定值(30秒钟判断),OC_PowerAboveShutDown30s
806,_51,__0,03_09_103,电网故障后激活自检程序,OC_ActivateSelftestForGridFailure
807,__0,__0,03_09_104,PLC上电启动后延时结束,OC_PLCPowerUpDelayElapsed
808,__0,__0,03_09_105,刹车模式激活后延时启动,OC_DelayRestartActive
809,_51,__0,03_09_106,工厂测试完成,OC_ShopFloorTestDone
810,__0,__0,03_09_107,机组启动停留在准备并网状态受阻,OC_StartPart2Interupted
811,_51,__0,03_09_108,立即激活自检程序,OC_ActivateSelftestAtOnce
812,__0,__0,03_09_109,下次启动时需执行自检程序,OC_ActivateSelftestAtNextStart
828,__0,__0,03_09_110,激活变桨动作程序,OC_ActivatePitchMove
829,__0,__0,03_09_111,变桨系统工厂测试程序激活,OC_ShopFloorTestPitchSysActive
830,__0,__0,03_09_112,偏航系统工厂测试程序激活,OC_ShopFloorTestYawSysActive
831,__0,__0,03_09_113,冷却系统工厂测试程序激活,OC_ShopFloorTestCoolingSysActive
832,__0,__0,03_09_114,集中润滑系统工厂测试程序激活,OC_ShopFloorTestLubricSysActive
817,__0,__0,04_01_005,箱式变压器温度高报警,SC_TempMVTrafo_high
818,__0,__0,04_01_006,箱式变压器温度低报警,SC_TempMVTrafo_low
819,__0,__0,04_01_007,箱式变压器温度高,SC_TempMVTrafo_MAX
820,__0,__0,04_01_008,箱式变压器温度低,SC_TempMVTrafo_MIN
821,_51,__0,04_01_009,箱式变压器温度重复性故障,SC_RepFaultTempMVTrafo
822,_51,__0,04_01_010,箱式变压器轻瓦斯动作,SC_MVTrafoGasrelay_I_action
823,_51,__0,04_01_011,箱变油位异常信号,SC_MVTrafoOilLevelWarning
824,_51,__0,04_01_012,箱式变压器高压侧断路器断开,SC_MVTrafoHCBnotClose
825,__0,__0,04_01_013,箱式变压器低压侧断路器断开,SC_MVTrafoLCBnotClose
621,_50,__0,03_05_001,变频器没有准备控制信号,SC_NoSignalForReadyToOperate
622,_50,__0,03_05_002,变频器没有准备控制信号重复性故障,SC_RepFaultNoSignalReadyToOperate
623,_50,__0,03_05_003,变频器没有并行信号,SC_NoSignalForParallelOperation
624,_50,__0,03_05_004,变频器没有并行信号重复性故障,SC_RepFaultNoSignalParallelOperation
625,__0,__0,03_05_005,变频器内部故障,SC_FaultInverter_CollectiveInformation
626,_51,__0,03_05_006,变频器Canopen通讯错误,SC_CanopenCom_Converter_ERR
627,_51,__0,03_05_007,变频器功率低停机,SC_ConverterPowerLow_STOP
628,199,__0,03_05_008,变频器功率波动故障,SC_FaultInverter_PowerShake
629,100,__0,03_05_009,变频器频繁同步,SC_ConverterFrequentSynchronisation
630,100,__0,03_05_010,变频器CANBus重复性报警,SC_RepFaultConverterViaCANbus
639,100,__0,03_05_019,电网L1相电流高,SC_GridCurrentL1_high
640,__0,100,03_05_020,变频器低电压穿越触发,SC_LowVoltageRideThroughActived
641,100,__0,03_05_021,电网L2相电流高,SC_GridCurrentL2_high
642,100,__0,03_05_022,电网L3相电流高,SC_GridCurrentL3_high
643,100,__0,03_05_023,电网电流高故障重复次数多,SC_RepFaultGridCurrentHigh
647,100,__0,03_05_027,变频器故障,SC_ConverterCircuitBrakerTripped
648,__0,__0,03_05_028,变频器Crowbar触发,SC_ConverterCrowbarActive
649,__0,__0,03_05_029,变频器定子断路器故障,SC_Converter_StatorBreakerFailed
651,__0,__0,03_05_031,变频器并网柜超温,SC_AL_B0_OverTemp_GridCabinet
652,__0,__0,03_05_032,变频器控制柜超温,SC_AL_B1_OverTemp_ControlCabinet
653,__0,__0,03_05_033,变频器功率柜超温,SC_AL_B2_OverTemp_PowerCabinet
654,_51,__0,03_05_034,变频器UPS掉电,SC_AL_B3_UPSLineLose
655,__0,__0,03_05_035,避雷器报警,SC_AL_B8_ArresterAlarm
656,__0,__0,03_05_036,第一组风扇报警,SC_AL_B9_Alarm_FirstGroupFans
657,__0,__0,03_05_037,第二组风扇报警,SC_AL_B10_Alarm_SecondGroupFans
658,__0,__0,03_05_038,UPS旁路报警,SC_AL_B11_UPSBypassRun
659,_51,__0,03_05_039,实际功率与给定功率不匹配,SC_AL_B12_Power_NOTMATCH
660,__0,__0,03_05_040,编码器相序反向报警,SC_AL_B13_WRONGEncoderDIR
672,100,__0,03_05_052,电网相序错误,SC_FW1_B0_WrongDir_Grid
673,100,__0,03_05_053,电网欠频,SC_FW1_B1_UnderFrequency_Grid
674,100,__0,03_05_054,电网超频,SC_FW1_B2_OverFrequency_Grid
675,100,__0,03_05_055,电网交流过压故障,SC_FW1_B3_OVERVOL_AC_GSI
676,__0,__0,03_05_056,电网交流欠压故障,SC_FW1_B4_UNDERVOL_AC_GSI
677,100,__0,03_05_057,变频器网侧逆变器过流故障,SC_FW1_B5_OVERCURRENT_GSI
678,100,__0,03_05_058,变频器直流母线过压故障,SC_FW1_B6_OVERVOL_DC_GSI
679,100,__0,03_05_059,变频器直流母线欠压故障,SC_FW1_B7_UNDERVOL_DC_GSI
680,100,__0,03_05_060,变频器与电网同步失败故障,SC_FW1_B8_SYNCHRONIZATIONFAILED
681,__0,__0,03_05_061,发电机转子过流故障,SC_FW1_B9_OVERCURRENT_ROTOR
682,198,__0,03_05_062,发电机超速故障,SC_FW1_B10_OVERSPEED
683,198,__0,03_05_063,发电机欠速故障,SC_FW1_B11_UNDERSPEED
684,198,__0,03_05_064,变频器并网柜超温,SC_FW1_B12_OverTemp_GridCabinet
685,198,__0,03_05_065,变频器控制柜超温,SC_FW1_B13_OverTemp_ControlCabinet
686,198,__0,03_05_066,变频器功率柜超温,SC_FW1_B14_OverTemp_PowerCabinet
687,198,__0,03_05_067,变频器网侧逆变器A相驱动故障,SC_FW2_B0_DRIVEFAULT_GSI_PHA
688,198,__0,03_05_068,变频器网侧逆变器B相驱动故障,SC_FW2_B1_DRIVEFAULT_GSI_PHB
689,198,__0,03_05_069,变频器网侧逆变器C相驱动故障,SC_FW2_B2_DRIVEFAULT_GSI_PHC
690,198,__0,03_05_070,变频器转子侧逆变器A相驱动故障,SC_FW2_B3_DRIVEFAULT_RSI_PHA
691,198,__0,03_05_071,变频器转子侧逆变器B相驱动故障,SC_FW2_B4_DRIVEFAULT_RSI_PHB
692,198,__0,03_05_072,变频器转子侧逆变器C相驱动故障,SC_FW2_B5_DRIVEFAULT_RSI_PHC
693,100,__0,03_05_073,变频器Crowbar导通失败,SC_FW2_B6_Failed_CrowbarSwitch
694,100,__0,03_05_074,变频器转子相序接反故障,SC_FW2_B7_WrongDir_Rotor
695,100,__0,03_05_075,变频器定子相序接反故障,SC_FW2_B8_WrongDir_Stator
696,__0,__0,03_05_076,报警字09_23_B9_ISU启动禁止,SC_09_23_TC_FAULTWORD_3_B9_ISUSTARTDISABLED
699,198,__0,03_05_079,变频器内部通信故障,SC_FW2_B13_Fault_CommuInside
700,_51,__0,03_05_080,主断路器故障,SC_FW2_B14_Fault_MCB
701,198,__0,03_05_081,网侧逆变器的接触器故障,SC_FW2_B15_Fault_GSI_Contactor
702,_51,__0,03_05_082,充电故障,SC_FW1_B15_Charge_Fault
703,198,__0,03_05_083,有源Crowbar驱动故障,SC_FW2_B9_Fault_Active_Crowbar_Drive
704,_51,__0,03_05_084,控制柜低温报警,SC_AL_B4_Control_Cabinet_Lower_Temp
705,_51,__0,03_05_085,模块柜低温报警,SC_AL_B5_Power_Cabinet_Lower_Temp
711,__0,__0,03_05_101,变频器准备就绪,OC_ConverterReadyToOperate
712,__0,__0,03_05_102,变频器允许远程参数给定,OC_ConverterOperationEnable
713,__0,__0,03_05_103,变频器允许合闸,OC_ConverterReadyToSwitchON
714,__0,__0,03_05_104,主回路断路器已合闸,OC_ConverterCircuitBrakerActive
715,__0,__0,03_05_105,网侧变流器准备工作,OC_Converter_ISUReadyToSwitchOn
716,__0,__0,03_05_106,手动控制有功功率,OC_ManualControlOfPower
717,__0,__0,03_05_107,手动控制无功功率,OC_ManualControlOfReactivePower
718,__0,__0,03_05_108,手动控制功率因数,OC_ManualControlOfCosphi
719,__0,__0,03_05_109,手动控制转距,OC_ManualControlOfTorque
1100,198,__0,03_05_111,电网电流不平衡,SC_FW3_B0_GridCurrentUnbalance
1101,198,__0,03_05_112,电网过流,SC_FW3_B1_GridOverCurrent
1102,198,__0,03_05_113,电网电压A相缺相,SC_FW3_B2_Lack_ULA
1103,198,__0,03_05_114,电网电压B相缺相,SC_FW3_B3_Lack_ULB
1104,198,__0,03_05_115,电网电压C相缺相,SC_FW3_B4_Lack_ULC
1105,198,__0,03_05_116,变频器网侧电流A相缺相,SC_FW3_B5_Lack_IGA
1106,198,__0,03_05_117,变频器网侧电流B相缺相,SC_FW3_B6_Lack_IGB
1107,198,__0,03_05_118,变频器网侧电流C相缺相,SC_FW3_B7_Lack_IGC
1108,198,__0,03_05_119,变频器网侧接地故障,SC_FW3_B8_GD_GRID
1109,198,__0,03_05_120,变频器转子侧接地故障,SC_FW3_B9_GD_ROTOR
1110,198,__0,03_05_121,变频器RC滤波电阻过温故障,SC_FW3_B10_RC_OVERTEMP
1111,198,__0,03_05_122,变频器网侧电抗器过温故障,SC_FW3_B11_L1OVERTEMP
1112,198,__0,03_05_123,变频器转子侧电抗器过温故障,SC_FW3_B12_L2OVERTEMP
1113,198,__0,03_05_124,变频器重复性故障,SC_FW3_B13_RepeatFault
1114,198,__0,03_05_125,变频器 chopper 电路驱动故障,SC_FW2_B10_DRV_CHOPPER
1115,198,__0,03_05_126,变频器直流母线严重过压,SC_FW2_B11_DCFatalOV
1116,198,__0,03_05_127,变频器并网开关故障,SC_FW2_B12_StatorConnectFailed
1117,198,__0,03_05_128,变频器框架断路器故障,SC_FW2_B14_MainCircuitBeakerFailed
1118,_51,__0,03_05_129,发电机编码器Z脉冲丢失,SC_AL_B6_Encoder_Z_loss
1119,_51,__0,03_05_130,发电机编码器Z或者AB异常,SC_AL_B7_Encoder_ZorAB_ERROR
1120,_51,__0,03_05_131,变频器Chooper电路连续工作时间长,SC_AL_B15_Chopper_Tired
1121,_51,__0,03_05_132,变频器报电网电压异常,SC_FW4_B0_CON_GridVoltageAbnormal
1122,_51,__0,03_05_133,变频器RC滤波电阻过温报警,SC_FW4_B2_CON_RC_OVERTEMP_Alarm
1123,_51,__0,03_05_134,变频器网侧电抗器过温报警,SC_FW4_B3_CON_L1OVERTEMP_Alarm
1124,_51,__0,03_05_135,变频器转子侧电抗器过温报警,SC_FW4_B4_CON_L2OVERTEMP_Alarm
1125,_51,__0,03_05_136,变频器自检充电异常,SC_FW4_B5_CON_SELFTEST_ChargeFailed
1126,_51,__0,03_05_137,变频器自检Chooper异常,SC_FW4_B6_CON_SELFTEST_ChopperFailed
1127,_51,__0,03_05_138,变频器低穿失败,SC_FW4_B7_CON_LVRT_Failed
1128,_51,__0,03_05_139,变频器低穿超时,SC_FW4_B8_CON_LVRT_TimeOut
1129,_51,__0,03_05_140,变频器报外部通信故障,SC_FW4_B9_CON_ExternalCommunicationFailure
1130,__0,__0,03_05_141,变频器UPS告警,SC_AL_B14_MC_UPS_FaultAlm
1131,198,__0,03_05_142,变频器接触器/断路器失效导致Crowbar激活,SC_FW3_B14_MCB_Failed_CrowbarActive
1132,_51,__0,03_05_143,变频器湿度大报警,SC_FW4_B1_Humidity_Alarm
1133,_51,__0,03_05_144,变频器网侧滤波电容异常报警,SC_FW4_B10_CON_GSC_Alarm
